"geolocation_zip_code_prefix","geolocation_lat","geolocation_lng","geolocation_city","geolocation_state"
"01037",-23.54562128115268,-46.63929204800168,sao paulo,SP
"01046",-23.546081127035535,-46.64482029837157,sao paulo,SP
"01046",-23.54612896641469,-46.64295148361138,sao paulo,SP
"01041",-23.5443921648681,-46.63949930627844,sao paulo,SP
"01035",-23.541577961711493,-46.64160722329613,sao paulo,SP
"01012",-23.547762303364266,-46.63536053788448,são paulo,SP
"01047",-23.546273112412678,-46.64122516971552,sao paulo,SP
"01013",-23.546923208436723,-46.6342636964915,sao paulo,SP
"01029",-23.543769055769133,-46.63427784085132,sao paulo,SP
"01011",-23.547639550320632,-46.63603162315495,sao paulo,SP
"01013",-23.547325128224376,-46.63418378613892,sao paulo,SP
"01032",-23.53841810407414,-46.634778375266734,sao paulo,SP
"01014",-23.546435343326205,-46.63383023397196,sao paulo,SP
"01012",-23.548945985189434,-46.63467113292871,sao paulo,SP
"01037",-23.545187340816042,-46.63785524104107,são paulo,SP
"01046",-23.546081127035535,-46.64482029837157,sao paulo,SP
"01039",-23.541883009983316,-46.63991946670314,sao paulo,SP
"01024",-23.541389521053937,-46.629899087812184,são paulo,SP
"01009",-23.54693540437998,-46.63658792659698,sao paulo,SP
"01046",-23.545884279214015,-46.643163191240035,sao paulo,SP
"01046",-23.545165891770928,-46.643785796266464,sao paulo,SP
"01020",-23.55223547100232,-46.6284406588955,são paulo,SP
"01011",-23.546690486964888,-46.635446958807194,são paulo,SP
"01043",-23.546656718016017,-46.64078762115524,são paulo,SP
"01050",-23.549773516504185,-46.64559900666509,sao paulo,SP
"01045",-23.541593762969626,-46.64189378810082,sao paulo,SP
"01009",-23.545429533441073,-46.63571531432852,sao paulo,SP
"01007",-23.550392524842728,-46.637301640717844,sao paulo,SP
"01032",-23.5398418758395,-46.63514797691531,são paulo,SP
"01041",-23.543539449073783,-46.64057731057763,sao paulo,SP
"01005",-23.549819091869107,-46.63560588995324,sao paulo,SP
"01037",-23.546704599774962,-46.64033633250615,são paulo,SP
"01017",-23.55001091199737,-46.63116636914989,são paulo,SP
"01046",-23.54532011933758,-46.64406863434122,sao paulo,SP
"01019",-23.552151883432384,-46.63080224715792,sao paulo,SP
"01032",-23.540774688874112,-46.63551484303775,sao paulo,SP
"01017",-23.5492954052167,-46.63207469510652,sao paulo,SP
"01050",-23.549009406053422,-46.642812281839745,sao paulo,SP
"01050",-23.548755593946588,-46.642789203733535,sao paulo,SP
"01027",-23.538301166801343,-46.63076391104508,sao paulo,SP
"01050",-23.54985418067981,-46.643139396906825,sao paulo,SP
"01013",-23.547119249235397,-46.634232699405686,sao paulo,SP
"01033",-23.54032130474925,-46.636394815973325,sao paulo,SP
"01009",-23.54569153926945,-46.635866061486446,sao paulo,SP
"01046",-23.546081127035535,-46.64482029837157,sao paulo,SP
"01050",-23.54874766250217,-46.64239136704376,sao paulo,SP
"01032",-23.541191476542252,-46.63499346058632,sao paulo,SP
"01020",-23.552549496537548,-46.63163152553523,sao paulo,SP
"01006",-23.55052430835593,-46.63669363835193,sao paulo,SP
"01034",-23.542391627195926,-46.63770927785183,sao paulo,SP
"01020",-23.552482452132203,-46.62938955675458,sao paulo,SP
"01047",-23.54660531805078,-46.641982174447385,sao paulo,SP
"01042",-23.544873598101518,-46.64030309449483,sao paulo,SP
"01034",-23.542908915344253,-46.63679724785041,sao paulo,SP
"01047",-23.54599881709849,-46.640834743407,sao paulo,SP
"01035",-23.540204555658082,-46.644147057043064,sao paulo,SP
"01027",-23.538670334439413,-46.62934557285476,sao paulo,SP
"01046",-23.546381972243076,-46.642893706619056,são paulo,SP
"01042",-23.545051649171974,-46.64007245239201,sao paulo,SP
"01040",-23.540316757429707,-46.63735536871719,sao paulo,SP
"01046",-23.54639669248079,-46.643059340556235,sao paulo,SP
"01017",-23.54981334999131,-46.63035027254893,sao paulo,SP
"01026",-23.539494799586286,-46.632843914149746,são paulo,SP
"01033",-23.539147179866543,-46.635832364623674,sao paulo,SP
"01036",-23.541700023861782,-46.64131782056096,sao paulo,SP
"01046",-23.546081127035535,-46.64482029837157,sao paulo,SP
"01009",-23.54693540437998,-46.63658792659698,sao paulo,SP
"01046",-23.546081127035535,-46.64482029837157,sao paulo,SP
"01047",-23.546774768769353,-46.64251431141433,são paulo,SP
"01045",-23.542925000621707,-46.643423947383695,sao paulo,SP
"01014",-23.547082268784923,-46.63340844117833,sao paulo,SP
"01048",-23.547448918662464,-46.64016924063704,são paulo,SP
"01046",-23.54532011933758,-46.64406863434122,sao paulo,SP
"01002",-23.54831797807146,-46.63542110199666,sao paulo,SP
"01033",-23.536156075768947,-46.63565005635056,sao paulo,SP
"01048",-23.547052131282804,-46.639477959749584,sao paulo,SP
"01014",-23.546453343326203,-46.63394723397195,sao paulo,SP
"01031",-23.536864121011018,-46.63349313820771,sao paulo,SP
"01029",-23.54130569969415,-46.63285261754857,sao paulo,SP
"01050",-23.54985418067981,-46.643139396906825,sao paulo,SP
"01032",-23.540774688874112,-46.63551484303775,sao paulo,SP
"01031",-23.537304315614186,-46.633862438491114,sao paulo,SP
"01046",-23.546081127035535,-46.64482029837157,sao paulo,SP
"01022",-23.544986605055076,-46.63345367485142,sao paulo,SP
"01008",-23.54425493154535,-46.634639135589296,sao paulo,SP
"01009",-23.546340513734233,-46.636238503202634,sao paulo,SP
"01048",-23.547448918662464,-46.64016924063704,são paulo,SP
"01010",-23.547806958346342,-46.63612181853806,sao paulo,SP
"01020",-23.552533361648077,-46.62960898251487,sao paulo,SP
"01036",-23.541700023861782,-46.64131782056096,sao paulo,SP
"01003",-23.54903244546711,-46.63531311226845,sao paulo,SP
"01013",-23.547325128224376,-46.63418378613892,sao paulo,SP
"01045",-23.542303065497162,-46.64280268887412,sao paulo,SP
"01013",-23.547686322234377,-46.6341397692307,são paulo,SP
"01046",-23.546081127035535,-46.64482029837157,sao paulo,SP
"01046",-23.54612896641469,-46.64295148361138,sao paulo,SP
"01042",-23.544667372468112,-46.64066942714524,são paulo,SP
"01009",-23.546340513734233,-46.636238503202634,sao paulo,SP
"01050",-23.549107326677785,-46.644104604074144,são paulo,SP
"01001",-23.54929199999999,-46.633559478233785,sao paulo,SP
"01026",-23.53984025062037,-46.6302639919499,sao paulo,SP
"01014",-23.54631891978764,-46.63343055730286,sao paulo,SP
"01009",-23.546340513734233,-46.636238503202634,sao paulo,SP
"01043",-23.545013657510516,-46.641993024150246,sao paulo,SP
"01050",-23.549107326677785,-46.644104604074144,são paulo,SP
"01014",-23.546940580846673,-46.633311921420805,sao paulo,SP
"01047",-23.546273112412678,-46.64122516971552,sao paulo,SP
"01032",-23.537019709129215,-46.63435857175824,sao paulo,SP
"01050",-23.550449207051752,-46.64324288827981,sao paulo,SP
"01017",-23.548851827918533,-46.63120714847948,sao paulo,SP
"01015",-23.544826346129778,-46.63086956396899,sao paulo,SP
"01032",-23.537019709129215,-46.63435857175824,sao paulo,SP
"01039",-23.5406861987132,-46.638296449218,sao paulo,SP
"01008",-23.545341492094142,-46.63558668567147,sao paulo,SP
"01005",-23.549819091869107,-46.63560588995324,sao paulo,SP
"01046",-23.546252957116764,-46.64521736309942,sao paulo,SP
"01026",-23.53984025062037,-46.6302639919499,sao paulo,SP
"01045",-23.542925000621707,-46.643423947383695,sao paulo,SP
"01024",-23.54186295323959,-46.630035294315356,sao paulo,SP
"01031",-23.542520789115148,-46.63533516134283,sao paulo,SP
"01014",-23.54676158651283,-46.63345484931019,sao paulo,SP
"01038",-23.542679676299098,-46.63819683884986,sao paulo,SP
"01050",-23.55073674632121,-46.64337116570483,sao paulo,SP
"01016",-23.548495128772636,-46.633490627676125,sao paulo,SP
"01049",-23.54530659310986,-46.636994571065735,sao paulo,SP
"01026",-23.539439503750902,-46.63306386663973,sao paulo,SP
"01016",-23.549283671100515,-46.631484900917506,sao paulo,SP
"01010",-23.546851358078364,-46.63554539392908,sao paulo,SP
"01029",-23.537313618096828,-46.63302994561133,são paulo,SP
"01021",-23.54516769470249,-46.632248679583284,sao paulo,SP
"01018",-23.550218647763327,-46.631879999999995,sao paulo,SP
"01014",-23.54533828642738,-46.63358224756194,sao paulo,SP
"01044",-23.545751050233726,-46.64132693574358,sao paulo,SP
"01034",-23.543343,-46.637777250000006,sao paulo,SP
"01049",-23.547441373853093,-46.63887208826244,sao paulo,SP
"01014",-23.547215717345587,-46.63338619272009,sao paulo,SP
"01050",-23.54985418067981,-46.643139396906825,sao paulo,SP
"01043",-23.544734636418685,-46.64252349042071,sao paulo,SP
"01020",-23.552495528997667,-46.632059999999996,são paulo,SP
"01046",-23.545317917306143,-46.64397479626647,sao paulo,SP
"01050",-23.548801662502175,-46.642373367043746,são paulo,SP
"01035",-23.54043969776091,-46.64371578005073,sao paulo,SP
"01036",-23.54131144157196,-46.64188583152521,sao paulo,SP
"01046",-23.545368575913177,-46.64318283002467,sao paulo,SP
"01046",-23.54675842186512,-46.64577102790114,são paulo,SP
"01048",-23.547154064948906,-46.639547890501504,sao paulo,SP
"01035",-23.5439473297362,-46.63739650167344,sao paulo,SP
"01046",-23.54639669248079,-46.643059340556235,sao paulo,SP
"01044",-23.544896375238064,-46.64201998306312,são paulo,SP
"01045",-23.54275397723474,-46.641482026083494,sao paulo,SP
"01045",-23.542303065497162,-46.64280268887412,sao paulo,SP
"01049",-23.54530659310986,-46.636994571065735,sao paulo,SP
"01019",-23.55188848459232,-46.63008934096028,sao paulo,SP
"01036",-23.540176426812717,-46.64415913591924,sao paulo,SP
"01043",-23.544734636418685,-46.64252349042071,são paulo,SP
"01040",-23.540111706359262,-46.63701681043339,sao paulo,SP
"01048",-23.547052131282804,-46.639477959749584,sao paulo,SP
"01020",-23.552499510675812,-46.630781025535214,sao paulo,SP
"01042",-23.54472059810152,-46.640515568959614,sao paulo,SP
"01050",-23.548801662502175,-46.642373367043746,sao paulo,SP
"01033",-23.5369582492354,-46.63581027505907,sao paulo,SP
"01050",-23.54985418067981,-46.643139396906825,sao paulo,SP
"01024",-23.541389521053937,-46.629899087812184,sao paulo,SP
"01007",-23.549610740492827,-46.638350654452076,sao paulo,SP
"01021",-23.541026814876787,-46.63207068206479,sao paulo,SP
"01050",-23.54885719288482,-46.64186497030983,sao paulo,SP
"01044",-23.545626999163286,-46.64140988467314,sao paulo,SP
"01013",-23.547307871775626,-46.634251279358246,sao paulo,SP
"01014",-23.545948945322863,-46.63350149901904,são paulo,SP
"01037",-23.543883072998984,-46.63807493421437,são paulo,SP
"01026",-23.539167607276784,-46.63524162031853,sao paulo,SP
"01007",-23.548339277829033,-46.63800653788448,sao paulo,SP
"01032",-23.540505663338884,-46.63541486857297,sao paulo,SP
"01046",-23.545047855675463,-46.64317276879801,sao paulo,SP
"01035",-23.54043969776091,-46.64371578005073,sao paulo,SP
"01022",-23.544497629753593,-46.631461751457095,sao paulo,SP
"01030",-23.538363904524203,-46.63293009824575,são paulo,SP
"01046",-23.545165891770928,-46.643785796266464,sao paulo,SP
"01037",-23.546156574239742,-46.63988527422235,sao paulo,SP
"01003",-23.548900652778652,-46.63715701234924,sao paulo,SP
"01032",-23.541853610425484,-46.63513727589531,sao paulo,SP
"01042",-23.544667372468112,-46.64066942714524,sao paulo,SP
"01019",-23.55173348265909,-46.630302710110165,são paulo,SP
"01008",-23.545450466558925,-46.63565673674192,sao paulo,SP
"01003",-23.54904445268046,-46.63518261226844,sao paulo,SP
"01005",-23.54947149598929,-46.637403877748234,sao paulo,SP
"01046",-23.54535489177092,-46.644014321801684,sao paulo,SP
"01042",-23.54472059810152,-46.640515568959614,sao paulo,SP
"01050",-23.548487627243432,-46.640686594090816,sao paulo,SP
"01047",-23.545561222863455,-46.640338742166264,sao paulo,SP
"01050",-23.55073674632121,-46.64337116570483,sao paulo,SP
"01017",-23.55015993031922,-46.63146540189848,sao paulo,SP
"01020",-23.552495528997667,-46.632059999999996,sao paulo,SP
"01005",-23.548758390789974,-46.6384109454671,sao paulo,SP
"01050",-23.54874766250217,-46.64239136704376,sao paulo,SP
"01012",-23.54701177397665,-46.634828728075746,sao paulo,SP
"01030",-23.538399296150907,-46.632887607680814,sao paulo,SP
"01012",-23.548957805989996,-46.63455515820299,sao paulo,SP
"01013",-23.546420999999995,-46.63436151110851,sao paulo,SP
"01046",-23.545047855675463,-46.64317276879801,sao paulo,SP
"01046",-23.546817419095163,-46.64537999999999,sao paulo,SP
"01016",-23.54944327061568,-46.63234970260834,são paulo,SP
"01035",-23.540204555658082,-46.644147057043064,sao paulo,SP
"01050",-23.548723167349607,-46.64160299584504,sao paulo,SP
"01026",-23.539167607276784,-46.63524162031853,sao paulo,SP
"01006",-23.5502592536788,-46.63635993588781,sao paulo,SP
"01001",-23.550497706907514,-46.63433817805407,sao paulo,SP
"01048",-23.546537098534216,-46.63917496696296,sao paulo,SP
"01020",-23.551854317790983,-46.62920011656761,sao paulo,SP
"01047",-23.54731074271453,-46.64142302885344,sao paulo,SP
"01033",-23.542949999999962,-46.63529999999997,sao paulo,SP
"01032",-23.5398418758395,-46.63514797691531,são paulo,SP
"01033",-23.540796722482114,-46.63647342862273,sao paulo,SP
"01020",-23.55223547100232,-46.6284406588955,sao paulo,SP
"01002",-23.547416857608706,-46.63636125131286,sao paulo,SP
"01050",-23.54918735221301,-46.644194604074144,são paulo,SP
"01009",-23.546340513734233,-46.636238503202634,são paulo,SP
"01019",-23.551889908967603,-46.63105318887411,sao paulo,SP
"01027",-23.538015199549932,-46.631947411045076,são paulo,SP
"01048",-23.546908131282798,-46.63939590146579,sao paulo,SP
"01046",-23.546081127035535,-46.64482029837157,sao paulo,SP
"01034",-23.542995562878023,-46.63757566934563,sao paulo,SP
"01035",-23.5439473297362,-46.63739650167344,sao paulo,SP
"01050",-23.54985418067981,-46.643139396906825,sao paulo,SP
"01047",-23.54731074271453,-46.64142302885344,sao paulo,SP
"01046",-23.546381972243076,-46.642893706619056,sao paulo,SP
"01045",-23.542487362746506,-46.64293486717402,sao paulo,SP
"01045",-23.542303065497162,-46.64280268887412,sao paulo,SP
"01011",-23.546690486964888,-46.635446958807194,sao paulo,SP
"01044",-23.547276880373964,-46.6399237790698,sao paulo,SP
"01007",-23.55100661977027,-46.6358718820474,sao paulo,SP
"01047",-23.54577819732822,-46.64064024216627,sao paulo,SP
"01029",-23.54056295337295,-46.632850401754254,sao paulo,SP
"01012",-23.54900820122337,-46.63452647668646,sao paulo,SP
"01019",-23.55166351540767,-46.63125415903973,sao paulo,SP
"01001",-23.55064182209015,-46.634409790322515,sao paulo,SP
"01037",-23.543883072998984,-46.63807493421437,sao paulo,SP
"01020",-23.552495528997667,-46.632059999999996,sao paulo,SP
"01041",-23.543712849558617,-46.6402632336835,sao paulo,SP
"01033",-23.54032130474925,-46.636394815973325,sao paulo,SP
"01050",-23.54985418067981,-46.643139396906825,sao paulo,SP
"01025",-23.539920936547933,-46.628347928793204,sao paulo,SP
"01004",-23.550115903139222,-46.63512161420169,sao paulo,SP
"01044",-23.544475407986656,-46.64244051581169,sao paulo,SP
"01050",-23.548723167349607,-46.64160299584504,sao paulo,SP
"01020",-23.552494470713864,-46.631394,sao paulo,SP
"01033",-23.536810801835053,-46.63572116276196,sao paulo,SP
"01026",-23.538895356079482,-46.63545499624909,sao paulo,SP
"01011",-23.546690486964888,-46.635446958807194,sao paulo,SP
"01032",-23.53657098695826,-46.6341731724855,sao paulo,SP
"01033",-23.536859249235395,-46.635793333342896,sao paulo,SP
"01030",-23.537239491257424,-46.63298206549715,sao paulo,SP
"01046",-23.546081127035535,-46.64482029837157,são paulo,SP
"01009",-23.54693540437998,-46.63658792659698,sao paulo,SP
"01042",-23.54415075852622,-46.6412233941082,sao paulo,SP
"01046",-23.546081127035535,-46.64482029837157,sao paulo,SP
"01046",-23.545317917306143,-46.64397479626647,sao paulo,SP
"01023",-23.542602956979636,-46.630942836257084,sao paulo,SP
"01033",-23.540796722482114,-46.63647342862273,sao paulo,SP
"01046",-23.54549529358727,-46.64422479530947,sao paulo,SP
"01046",-23.545368575913177,-46.64318283002467,sao paulo,SP
"01036",-23.542828083530566,-46.63939930668248,sao paulo,SP
"01021",-23.54033745045876,-46.632073065497174,sao paulo,SP
"01049",-23.54530659310986,-46.636994571065735,sao paulo,SP
"01043",-23.545781968088136,-46.641376633648726,sao paulo,SP
"01003",-23.54904445268046,-46.63518261226844,sao paulo,SP
"01030",-23.54203523397196,-46.63296206411218,sao paulo,SP
"01025",-23.540410813203355,-46.631264935195325,sao paulo,SP
"01026",-23.539616057447088,-46.631187497778285,sao paulo,SP
"01021",-23.541832875382298,-46.63214268206478,sao paulo,SP
"01023",-23.541849922557606,-46.6313376895666,sao paulo,SP
"01050",-23.548722622251763,-46.64376241424774,sao paulo,SP
"01019",-23.55166351540767,-46.63125415903973,sao paulo,SP
"01014",-23.547082268784923,-46.63340844117833,sao paulo,SP
"01042",-23.54472059810152,-46.640515568959614,sao paulo,SP
"01009",-23.54693540437998,-46.63658792659698,sao paulo,SP
"01045",-23.54275397723474,-46.641482026083494,sao paulo,SP
"01036",-23.542828083530566,-46.63939930668248,são paulo,SP
"01004",-23.549513091869112,-46.63471930613423,sao paulo,SP
"01035",-23.54043969776091,-46.64371578005073,sao paulo,SP
"01005",-23.549819091869107,-46.63560588995324,sao paulo,SP
"01044",-23.544689343874467,-46.6422237403486,sao paulo,SP
"01008",-23.5452611626464,-46.63554571412088,sao paulo,SP
"01037",-23.54519873979251,-46.63791575103784,sao paulo,SP
"01005",-23.548758390789974,-46.6384109454671,sao paulo,SP
"01032",-23.537019709129215,-46.63435857175824,sao paulo,SP
"01035",-23.5439473297362,-46.63739650167344,sao paulo,SP
"01017",-23.54981334999131,-46.63035027254893,são paulo,SP
"01046",-23.545731279214017,-46.64319919124003,sao paulo,SP
"01014",-23.546065945322866,-46.63347449901905,sao paulo,SP
"01042",-23.545051649171974,-46.64007245239201,são paulo,SP
"01046",-23.545106152086156,-46.64381018541167,sao paulo,SP
"01019",-23.551387491805688,-46.631432373708854,são paulo,SP
"01046",-23.54639669248079,-46.643059340556235,sao paulo,SP
"01050",-23.549847516244395,-46.64562246058632,sao paulo,SP
"01029",-23.543769055769133,-46.63427784085132,sao paulo,SP
"01019",-23.551500510127546,-46.63131236649549,sao paulo,SP
"01013",-23.547686322234377,-46.6341397692307,sao paulo,SP
"01008",-23.5480135387212,-46.637097428385985,sao paulo,SP
"01001",-23.54969829946912,-46.63390859285005,sao paulo,SP
"01034",-23.541967016100166,-46.63707836441802,sao paulo,SP
"01025",-23.54002629316738,-46.62858942838324,sao paulo,SP
"01026",-23.53984025062037,-46.6302639919499,são paulo,SP
"01038",-23.54474047293557,-46.641129228287795,sao paulo,SP
"01016",-23.548495128772636,-46.633490627676125,sao paulo,SP
"01048",-23.547634911449112,-46.641159240637045,sao paulo,SP
"01009",-23.54693540437998,-46.63658792659698,são paulo,SP
"01047",-23.545879784349914,-46.640673717871785,sao paulo,SP
"01036",-23.540176426812717,-46.64415913591924,sao paulo,SP
"01003",-23.548960477927228,-46.63617216180967,sao paulo,SP
"01022",-23.544986605055076,-46.63345367485142,sao paulo,SP
"01030",-23.543326183738223,-46.63336425644875,sao paulo,SP
"01041",-23.543712849558617,-46.6402632336835,sao paulo,SP
"01032",-23.54137740605342,-46.63573484012354,sao paulo,SP
"01041",-23.543539449073783,-46.64057731057763,sao paulo,SP
"01046",-23.546252957116764,-46.64521736309942,sao paulo,SP
"01005",-23.54947149598929,-46.637403877748234,sao paulo,SP
"01014",-23.544631844566954,-46.63393720301238,sao paulo,SP
"01031",-23.542520789115148,-46.63533516134283,sao paulo,SP
"01018",-23.552143145161256,-46.63270720967747,são paulo,SP
"01019",-23.551405529008704,-46.63058033341841,sao paulo,SP
"01007",-23.548166155735117,-46.63823833081751,são paulo,SP
"01012",-23.54799237468981,-46.63463255343638,são paulo,SP
"01042",-23.54415075852622,-46.6412233941082,sao paulo,SP
"01017",-23.54968991921072,-46.63051281086609,sao paulo,SP
"01033",-23.536810801835053,-46.63572116276196,sao paulo,SP
"01001",-23.551426655288804,-46.63407394670785,sao paulo,SP
"01046",-23.545606640313828,-46.64432448652557,sao paulo,SP
"01031",-23.542520789115148,-46.63533516134283,são paulo,SP
"01028",-23.536027749379617,-46.632878533585306,sao paulo,SP
"01046",-23.546817419095163,-46.64537999999999,sao paulo,SP
"01046",-23.54675842186512,-46.64577102790114,sao paulo,SP
"01050",-23.548722622251763,-46.64376241424774,sao paulo,SP
"01030",-23.538418155981304,-46.63292012378098,sao paulo,SP
"01007",-23.549177399388316,-46.63863497209885,sao paulo,SP
"01026",-23.539425401610018,-46.63342428573489,sao paulo,SP
"01042",-23.544009031363597,-46.641499354982955,sao paulo,SP
"01020",-23.55223547100232,-46.6284406588955,sao paulo,SP
"01033",-23.540035348866123,-46.63590402178432,sao paulo,SP
"01040",-23.540384691932537,-46.63746629211154,sao paulo,SP
"01049",-23.547837310577627,-46.64099781196259,sao paulo,SP
"01011",-23.546690486964888,-46.635446958807194,sao paulo,SP
"01022",-23.544714739944567,-46.63316426588382,são paulo,SP
"01046",-23.546081127035535,-46.64482029837157,sao paulo,SP
"01022",-23.54481763780367,-46.63327164210284,sao paulo,SP
"01020",-23.55255548932418,-46.630281525535224,sao paulo,SP
"01050",-23.548722622251763,-46.64376241424774,sao paulo,SP
"01006",-23.54909870413756,-46.63584104801203,sao paulo,SP
"01033",-23.53805926617227,-46.63596154951257,sao paulo,SP
"01046",-23.545368575913177,-46.64318283002467,sao paulo,SP
"01041",-23.54424217208146,-46.63966881349182,sao paulo,SP
"01034",-23.542106542327883,-46.63658202790115,sao paulo,SP
"01046",-23.54612896641469,-46.64295148361138,sao paulo,SP
"01047",-23.546273112412678,-46.64122516971552,sao paulo,SP
"01033",-23.53710682737027,-46.63578266997533,sao paulo,SP
"01036",-23.54045127670386,-46.64357021994927,sao paulo,SP
"01045",-23.541593762969626,-46.64189378810082,sao paulo,SP
"01046",-23.54612896641469,-46.64295148361138,sao paulo,SP
"01046",-23.546594577298162,-46.64303356647811,sao paulo,SP
"01030",-23.53652807216227,-46.633023105459124,sao paulo,SP
"01014",-23.545625699694156,-46.63354191520002,sao paulo,SP
"01046",-23.546081127035535,-46.64482029837157,sao paulo,SP
"01032",-23.54137740605342,-46.63573484012354,são paulo,SP
"01027",-23.53821280045007,-46.631370614490145,sao paulo,SP
"01022",-23.544295438253737,-46.632081127531876,sao paulo,SP
"01028",-23.53624171663104,-46.6320595335853,são paulo,SP
"01046",-23.546081127035535,-46.64482029837157,sao paulo,SP
"01006",-23.55069564418031,-46.63488479003406,sao paulo,SP
"01033",-23.53784452510254,-46.634192025535214,sao paulo,SP
"01048",-23.54718811601936,-46.639588390501515,sao paulo,SP
"01040",-23.54160305551385,-46.639215518870124,sao paulo,SP
"01046",-23.54575827921402,-46.64319019124005,sao paulo,SP
"01049",-23.545052507905847,-46.63682478157995,sao paulo,SP
"01048",-23.54718811601936,-46.639588390501515,sao paulo,SP
"01045",-23.542925000621707,-46.643423947383695,sao paulo,SP
"01026",-23.54001724395527,-46.629740913122546,sao paulo,SP
"01035",-23.541740936176268,-46.641356197760906,são paulo,SP
"01049",-23.54797787399732,-46.64007553774023,sao paulo,SP
"01019",-23.552151883432384,-46.63080224715792,sao paulo,SP
"01035",-23.540983825979165,-46.64256855760085,sao paulo,SP
"01017",-23.54989795585446,-46.63094437636323,sao paulo,SP
"01050",-23.54922662225177,-46.64432041424772,sao paulo,SP
"01027",-23.538015199549932,-46.631947411045076,sao paulo,SP
"01019",-23.551500510127546,-46.63131236649549,sao paulo,SP
"01042",-23.545394591176624,-46.63971870122335,sao paulo,SP
"01029",-23.543769055769133,-46.63427784085132,sao paulo,SP
"01040",-23.539898074383967,-46.6366870320561,são paulo,SP
"01046",-23.546081127035535,-46.64482029837157,sao paulo,SP
"01042",-23.544009031363597,-46.641499354982955,sao paulo,SP
"01041",-23.54320753981771,-46.64090617831388,sao paulo,SP
"01016",-23.54921843682667,-46.63112044738743,sao paulo,SP
"01042",-23.54504537246811,-46.640187927145234,são paulo,SP
"01026",-23.53984025062037,-46.6302639919499,sao paulo,SP
"01026",-23.53925652899767,-46.63316199708581,sao paulo,SP
"01041",-23.54448286788048,-46.63930622647012,sao paulo,SP
"01046",-23.54612896641469,-46.64295148361138,sao paulo,SP
"01046",-23.545083855675458,-46.643162794333236,sao paulo,SP
"01033",-23.540035348866123,-46.63590402178432,sao paulo,SP
"01005",-23.54977002637195,-46.63583891548848,sao paulo,SP
"01041",-23.54349553981771,-46.640523678313876,sao paulo,SP
"01043",-23.544736721622694,-46.64226379961334,sao paulo,SP
"01028",-23.536027749379617,-46.632878533585306,sao paulo,SP
"01022",-23.547794628585642,-46.63023791550086,sao paulo,SP
"01030",-23.543522150989634,-46.6334662636621,sao paulo,SP
"01010",-23.545361513938836,-46.6346895341229,sao paulo,SP
"01036",-23.542828083530566,-46.63939930668248,sao paulo,SP
"01007",-23.550096635581966,-46.637934794477474,sao paulo,SP
"01025",-23.540410813203355,-46.631264935195325,sao paulo,SP
"01020",-23.552359071614003,-46.62912034248948,sao paulo,SP
"01014",-23.544631844566954,-46.63393720301238,sao paulo,SP
"01046",-23.545731279214017,-46.64319919124003,sao paulo,SP
"01019",-23.552151883432384,-46.63080224715792,sao paulo,SP
"01048",-23.546908131282798,-46.63939590146579,sao paulo,SP
"01045",-23.541593762969626,-46.64189378810082,sao paulo,SP
"01033",-23.54077242862274,-46.63658627751788,sao paulo,SP
"01020",-23.552494470713864,-46.631394,sao paulo,SP
"01041",-23.543712849558617,-46.6402632336835,sao paulo,SP
"01037",-23.545187340816042,-46.63785524104107,sao paulo,SP
"01041",-23.54349553981771,-46.640523678313876,sao paulo,SP
"01050",-23.549433308067456,-46.64461567513988,sao paulo,SP
"01037",-23.546723374689815,-46.6402811858157,sao paulo,SP
"01050",-23.5494055434244,-46.64338206272719,sao paulo,SP
"01017",-23.54981334999131,-46.63035027254893,sao paulo,SP
"01009",-23.548942362228352,-46.6375916208613,sao paulo,SP
"01036",-23.54131144157196,-46.64188583152521,sao paulo,SP
"01023",-23.544176196779958,-46.63217303372952,são paulo,SP
"01023",-23.541081532632955,-46.63084531784219,sao paulo,SP
"01021",-23.539158,-46.632020039961944,sao paulo,SP
"01009",-23.54534853344108,-46.635664756044726,sao paulo,SP
"01001",-23.550497706907514,-46.63433817805407,sao paulo,SP
"01050",-23.54985418067981,-46.643139396906825,são paulo,SP
"01040",-23.540876706359263,-46.638218310433395,são paulo,SP
"01046",-23.546081127035535,-46.64482029837157,sao paulo,SP
"01037",-23.546462574239737,-46.64014529975757,sao paulo,SP
"01007",-23.550776601448405,-46.63639141479597,sao paulo,SP
"01011",-23.545577325841062,-46.63477539133823,sao paulo,SP
"01020",-23.552533361648077,-46.62960898251487,sao paulo,SP
"01032",-23.541381136274456,-46.63552281556929,sao paulo,SP
"01026",-23.539425401610018,-46.63342428573489,sao paulo,SP
"01048",-23.546167438253743,-46.638926759911215,sao paulo,SP
"01021",-23.540914236193654,-46.63213975243804,sao paulo,SP
"01047",-23.545561222863455,-46.640338742166264,sao paulo,SP
"01031",-23.54069108510848,-46.63395529665179,sao paulo,SP
"01004",-23.550765432973616,-46.635323406601664,sao paulo,SP
"01009",-23.54569153926945,-46.635866061486446,sao paulo,SP
"01031",-23.542520789115148,-46.63533516134283,sao paulo,SP
"01028",-23.53518494171711,-46.636543849801654,são paulo,SP
"01019",-23.552151883432384,-46.63080224715792,sao paulo,SP
"01031",-23.543034925067772,-46.63494607770218,sao paulo,SP
"01013",-23.546420999999995,-46.63436151110851,sao paulo,SP
"01046",-23.54639669248079,-46.643059340556235,sao paulo,SP
"01005",-23.54961248124544,-46.63653202553522,sao paulo,SP
"01048",-23.547634911449112,-46.641159240637045,sao paulo,SP
"01006",-23.5495063030758,-46.63622549584506,sao paulo,SP
"01042",-23.54489962363675,-46.640276094494844,sao paulo,SP
"01041",-23.544598893415696,-46.63915216818633,sao paulo,SP
"01021",-23.539256999999992,-46.632081503895144,sao paulo,SP
"01004",-23.54939361948181,-46.634950659876445,sao paulo,SP
"01017",-23.548851827918533,-46.63120714847948,sao paulo,SP
"01006",-23.5504842536788,-46.63570293588782,sao paulo,SP
"01048",-23.547555944197693,-46.64073632445609,sao paulo,SP
"01046",-23.54675842186512,-46.64577102790114,sao paulo,SP
"01026",-23.539439503750902,-46.63306386663973,sao paulo,SP
"01011",-23.546690486964888,-46.635446958807194,são paulo,SP
"01009",-23.54693540437998,-46.63658792659698,sao paulo,SP
"01042",-23.54504537246811,-46.640187927145234,são paulo,SP
"01026",-23.53984025062037,-46.6302639919499,sao paulo,SP
"01036",-23.541700023861782,-46.64131782056096,sao paulo,SP
"01020",-23.552482452132203,-46.62938955675458,sao paulo,SP
"01007",-23.550392524842728,-46.637301640717844,sao paulo,SP
"01050",-23.54891736303305,-46.642520665704815,são paulo,SP
"01013",-23.546420999999995,-46.63436151110851,sao paulo,SP
"01023",-23.541081532632955,-46.63084531784219,são paulo,SP
"01040",-23.540111706359262,-46.63701681043339,sao paulo,SP
"01020",-23.55221844546711,-46.628131049541224,sao paulo,SP
"01046",-23.54535489177092,-46.644014321801684,são paulo,SP
"01042",-23.545051649171974,-46.64007245239201,sao paulo,SP
"01036",-23.54045127670386,-46.64357021994927,sao paulo,SP
"01003",-23.549083261659398,-46.63486400979368,são paulo,SP
"01041",-23.54320753981771,-46.64090617831388,são paulo,SP
"01020",-23.55140820483005,-46.62918062378098,sao paulo,SP
"01027",-23.537909232298507,-46.632375550233725,sao paulo,SP
"01019",-23.551500510127546,-46.63131236649549,sao paulo,SP
"01042",-23.5448295725663,-46.640353568959625,sao paulo,SP
"01050",-23.549773516504185,-46.64559900666509,são paulo,SP
"01038",-23.545100693029053,-46.64157805482135,sao paulo,SP
"01021",-23.544184662502165,-46.63264375243805,sao paulo,SP
"01004",-23.549534948092827,-46.63430666833054,sao paulo,SP
"01010",-23.546519675543916,-46.63537497475324,sao paulo,SP
"01032",-23.537019709129215,-46.63435857175824,sao paulo,SP
"01046",-23.546081127035535,-46.64482029837157,sao paulo,SP
"01020",-23.55254746378896,-46.63038052553523,sao paulo,SP
"01032",-23.5398418758395,-46.63514797691531,sao paulo,SP
"01046",-23.546817419095163,-46.64537999999999,sao paulo,SP
"01012",-23.54711929087078,-46.63488111172018,sao paulo,SP
"01010",-23.545361513938836,-46.6346895341229,sao paulo,SP
"01047",-23.54561984263372,-46.640326243407,sao paulo,SP
"01031",-23.544207,-46.63628100000001,sao paulo,SP
"01024",-23.541389521053937,-46.629899087812184,são paulo,SP
"01020",-23.55223547100232,-46.6284406588955,sao paulo,SP
"01003",-23.5489755545329,-46.63532199708581,sao paulo,SP
"01047",-23.546444292515563,-46.6416031999826,sao paulo,SP
"01027",-23.538670334439413,-46.62934557285476,sao paulo,SP
"01050",-23.549847516244395,-46.64562246058632,sao paulo,SP
"01050",-23.548722622251763,-46.64376241424774,sao paulo,SP
"01050",-23.548722622251763,-46.64376241424774,sao paulo,SP
"01020",-23.55223547100232,-46.6284406588955,sao paulo,SP
"01004",-23.54918138051819,-46.63482185844542,sao paulo,SP
"01042",-23.545394591176624,-46.63971870122335,sao paulo,SP
"01048",-23.546908131282798,-46.63939590146579,sao paulo,SP
"01046",-23.545368575913177,-46.64318283002467,sao paulo,SP
"01049",-23.54530659310986,-46.636994571065735,sao paulo,SP
"01020",-23.55223547100232,-46.6284406588955,sao paulo,SP
"01037",-23.54562128115268,-46.63929204800168,sao paulo,SP
"01002",-23.548551065785627,-46.63507239078997,sao paulo,SP
"01009",-23.54569153926945,-46.635866061486446,sao paulo,SP
"01002",-23.54813706578562,-46.63590489078997,sao paulo,SP
"01042",-23.545394591176624,-46.63971870122335,sao paulo,SP
"01017",-23.55001091199737,-46.63116636914989,sao paulo,SP
"01001",-23.551336655288804,-46.63402699777831,sao paulo,SP
"01042",-23.544873598101518,-46.64030309449483,são paulo,SP
"01050",-23.54985418067981,-46.643139396906825,sao paulo,SP
"01013",-23.547235274770614,-46.63421063390853,sao paulo,SP
"01033",-23.538010693865772,-46.63601039162669,sao paulo,SP
"01003",-23.548960477927228,-46.63617216180967,sao paulo,SP
"01010",-23.545657005828375,-46.63457024562871,sao paulo,SP
"01007",-23.550776601448405,-46.63639141479597,sao paulo,SP
"01020",-23.551192393559933,-46.62828994310116,sao paulo,SP
"01029",-23.540886,-46.632850485573286,sao paulo,SP
"01023",-23.541866885913883,-46.631416656818026,sao paulo,SP
"01036",-23.543961695799023,-46.63725596557798,sao paulo,SP
"01032",-23.54159273604942,-46.63525058950317,sao paulo,SP
"01042",-23.54405175852623,-46.641353894108185,sao paulo,SP
"01037",-23.54580760698832,-46.639602292544225,sao paulo,SP
"01016",-23.549283671100515,-46.631484900917506,sao paulo,SP
"01048",-23.547052131282804,-46.639477959749584,são paulo,SP
"01025",-23.54040852242101,-46.63149317466289,são paulo,SP
"01008",-23.54481303802871,-46.63517842186512,sao paulo,SP
"01042",-23.545949119754194,-46.64038040172743,sao paulo,SP
"01004",-23.54918138051819,-46.63482185844542,sao paulo,SP
"01030",-23.53652807216227,-46.633023105459124,sao paulo,SP
"01021",-23.54516769470249,-46.632248679583284,sao paulo,SP
"01014",-23.545948945322863,-46.63350149901904,sao paulo,SP
"01047",-23.546444292515563,-46.6416031999826,são paulo,SP
"01050",-23.548470601708207,-46.64047556564139,sao paulo,SP
"01030",-23.54365790536092,-46.6335452993249,são paulo,SP
"01015",-23.54956898779498,-46.62908488080666,sao paulo,SP
"01014",-23.54636265277865,-46.633676400917516,sao paulo,SP
"01042",-23.543774559813013,-46.64177212614691,sao paulo,SP
"01004",-23.55046690313923,-46.63523313973692,sao paulo,SP
"01030",-23.53652807216227,-46.633023105459124,são paulo,SP
"01033",-23.542949999999962,-46.63529999999997,sao paulo,SP
"01020",-23.552533361648077,-46.62960898251487,sao paulo,SP
"01030",-23.53652807216227,-46.633023105459124,sao paulo,SP
"01020",-23.551854317790983,-46.62920011656761,sao paulo,SP
"01028",-23.536250716631045,-46.63202803358529,sao paulo,SP
"01020",-23.5523765589763,-46.629291892174955,sao paulo,SP
"01046",-23.54639669248079,-46.643059340556235,sao paulo,SP
"01036",-23.543825637515205,-46.637489965577984,sao paulo,SP
"01048",-23.547052131282804,-46.639477959749584,sao paulo,SP
"01027",-23.537946206763287,-46.63220455023373,sao paulo,SP
"01021",-23.544870139332875,-46.632376895377604,sao paulo,SP
"01033",-23.54032130474925,-46.636394815973325,são paulo,SP
"01020",-23.552533361648077,-46.62960898251487,sao paulo,SP
"01007",-23.55092535858965,-46.63591116180967,sao paulo,SP
"01031",-23.542520789115148,-46.63533516134283,sao paulo,SP
"01036",-23.541700023861782,-46.64131782056096,sao paulo,SP
"01046",-23.54532011933758,-46.64406863434122,sao paulo,SP
"01035",-23.54098377450212,-46.642568531063326,sao paulo,SP
"01036",-23.542828083530566,-46.63939930668248,sao paulo,SP
"01045",-23.54275397723474,-46.641482026083494,sao paulo,SP
"01019",-23.551500510127546,-46.63131236649549,são paulo,SP
"01050",-23.548470601708207,-46.64047556564139,sao paulo,SP
"01046",-23.5463617507646,-46.64307284055626,sao paulo,SP
"01012",-23.54711929087078,-46.63488111172018,sao paulo,SP
"01001",-23.549779299469115,-46.6339571183853,são paulo,SP
"01031",-23.542520789115148,-46.63533516134283,sao paulo,SP
"01014",-23.54533828642738,-46.63358224756194,sao paulo,SP
"01026",-23.54001724395527,-46.629740913122546,sao paulo,SP
"01021",-23.540914236193654,-46.63213975243804,sao paulo,SP
"01041",-23.544598893415696,-46.63915216818633,sao paulo,SP
"01005",-23.54977002637195,-46.63583891548848,sao paulo,SP
"01021",-23.544184662502165,-46.63264375243805,são paulo,SP
"01001",-23.551336655288804,-46.63402699777831,sao paulo,SP
"01005",-23.549980033585307,-46.63476783166945,são paulo,SP
"01045",-23.541794423538555,-46.64277789439665,sao paulo,SP
"01048",-23.547006156818018,-46.639455459749584,são paulo,SP
"01049",-23.547378373853096,-46.63881261379765,sao paulo,SP
"01022",-23.544497629753593,-46.631461751457095,sao paulo,SP
"01047",-23.546273112412678,-46.64122516971552,sao paulo,SP
"01050",-23.548723167349607,-46.64160299584504,sao paulo,SP
"01023",-23.542959247850415,-46.631904601159945,sao paulo,SP
"01014",-23.54533828642738,-46.63358224756194,sao paulo,SP
"01020",-23.551854317790983,-46.62920011656761,sao paulo,SP
"01028",-23.534879478157738,-46.639559272120486,sao paulo,SP
"01046",-23.545106152086156,-46.64381018541167,são paulo,SP
"01001",-23.550497706907514,-46.63433817805407,sao paulo,SP
"01003",-23.54904445268046,-46.63518261226844,sao paulo,SP
"01035",-23.54098377450212,-46.642568531063326,sao paulo,SP
"01013",-23.547325128224376,-46.63418378613892,sao paulo,SP
"01026",-23.53984025062037,-46.6302639919499,sao paulo,SP
"01027",-23.537706024150243,-46.63034353621102,são paulo,SP
"01030",-23.542961406053415,-46.63319578183975,sao paulo,SP
"01041",-23.54349553981771,-46.640523678313876,sao paulo,SP
"01050",-23.54891736303305,-46.642520665704815,são paulo,SP
"01046",-23.546081127035535,-46.64482029837157,sao paulo,SP
"01011",-23.546690486964888,-46.635446958807194,sao paulo,SP
"01046",-23.545884279214015,-46.643163191240035,sao paulo,SP
"01001",-23.550263371631395,-46.63419639384839,são paulo,SP
"01032",-23.541381136274456,-46.63552281556929,sao paulo,SP
"01022",-23.544310431040376,-46.632278959893824,sao paulo,SP
"01043",-23.54673076103639,-46.64072388787578,sao paulo,SP
"01046",-23.545165891770928,-46.643785796266464,sao paulo,SP
"01014",-23.546065945322866,-46.63347449901905,são paulo,SP
"01022",-23.544280236741912,-46.630819048012036,sao paulo,SP
"01017",-23.54981334999131,-46.63035027254893,são paulo,SP
"01039",-23.5417538351319,-46.63976074078128,sao paulo,SP
"01009",-23.54693540437998,-46.63658792659698,são paulo,SP
"01016",-23.54942699475266,-46.631921331563774,sao paulo,SP
"01012",-23.54663965084541,-46.63496394656362,sao paulo,SP
"01046",-23.545368575913177,-46.64318283002467,sao paulo,SP
"01020",-23.552495528997667,-46.632059999999996,sao paulo,SP
"01020",-23.552495528997667,-46.632059999999996,sao paulo,SP
"01019",-23.551387491805688,-46.631432373708854,sao paulo,SP
"01048",-23.546717843181977,-46.639356584107475,sao paulo,SP
"01032",-23.542460235356934,-46.63618792951116,sao paulo,SP
"01011",-23.546690486964888,-46.635446958807194,sao paulo,SP
"01046",-23.546817419095163,-46.64537999999999,sao paulo,SP
"01050",-23.54985418067981,-46.643139396906825,sao paulo,SP
"01039",-23.539819023861785,-46.63696720497428,sao paulo,SP
"01033",-23.542949999999962,-46.63529999999997,sao paulo,SP
"01009",-23.549074826533555,-46.63756198557327,sao paulo,SP
"01019",-23.5515057171793,-46.63111196142304,sao paulo,SP
"01032",-23.54159273604942,-46.63525058950317,sao paulo,SP
"01014",-23.54636265277865,-46.633676400917516,sao paulo,SP
"01009",-23.546340513734233,-46.636238503202634,são paulo,SP
"01012",-23.548945985189434,-46.63467113292871,sao paulo,SP
"01011",-23.546690486964888,-46.635446958807194,sao paulo,SP
"01032",-23.540742303912527,-46.635570638640374,são paulo,SP
"01001",-23.550497706907514,-46.63433817805407,sao paulo,SP
"01033",-23.540159399936574,-46.63548454731953,sao paulo,SP
"01031",-23.542520789115148,-46.63533516134283,sao paulo,SP
"01034",-23.542995562878023,-46.63757566934563,sao paulo,SP
"01025",-23.53831532619036,-46.6271321114026,são paulo,SP
"01027",-23.53778976963473,-46.63043882598531,sao paulo,SP
"01031",-23.542222369409696,-46.63567165652957,sao paulo,SP
"01023",-23.541866885913883,-46.631416656818026,são paulo,SP
"01008",-23.546357486265766,-46.63617648958398,sao paulo,SP
"01007",-23.551083240637045,-46.63570400444339,sao paulo,SP
"01020",-23.551854317790983,-46.62920011656761,sao paulo,SP
"01046",-23.546817419095163,-46.64537999999999,sao paulo,SP
"01017",-23.54981334999131,-46.63035027254893,sao paulo,SP
"01050",-23.54874766250217,-46.64239136704376,sao paulo,SP
"01028",-23.536424723844398,-46.63138992423106,sao paulo,SP
"01035",-23.542765908036525,-46.63961343105309,sao paulo,SP
"01050",-23.54857284791384,-46.64350528183976,sao paulo,SP
"01046",-23.54535489177092,-46.644014321801684,sao paulo,SP
"01023",-23.543690196779963,-46.63209105926476,sao paulo,SP
"01044",-23.544475407986656,-46.64244051581169,sao paulo,SP
"01005",-23.548758390789974,-46.6384109454671,sao paulo,SP
"01007",-23.550357583126537,-46.63738264071787,sao paulo,SP
"01049",-23.547765310577624,-46.64021604302036,sao paulo,SP
"01027",-23.538543767701494,-46.63006039148245,sao paulo,SP
"01004",-23.549534948092827,-46.63430666833054,sao paulo,SP
"01023",-23.541777387183288,-46.63065304010618,sao paulo,SP
"01050",-23.55073674632121,-46.64337116570483,sao paulo,SP
"01005",-23.548758390789974,-46.6384109454671,sao paulo,SP
"01014",-23.546128054677126,-46.63353151540766,sao paulo,SP
"01015",-23.54797349999999,-46.6334685,sao paulo,SP
"01035",-23.54098377450212,-46.642568531063326,são paulo,SP
"01034",-23.542391912574285,-46.63652250098094,sao paulo,SP
"01023",-23.54304024785041,-46.63192260115993,sao paulo,SP
"01035",-23.540983825979165,-46.64256855760085,sao paulo,SP
"01012",-23.548016567026384,-46.63455347209884,sao paulo,SP
"01047",-23.546273112412678,-46.64122516971552,sao paulo,SP
"01046",-23.546081127035535,-46.64482029837157,sao paulo,SP
"01031",-23.542520789115148,-46.63533516134283,sao paulo,SP
"01037",-23.54586691428615,-46.639685399390586,sao paulo,SP
"01002",-23.548551065785627,-46.63507239078997,sao paulo,SP
"01034",-23.54214394725612,-46.63745558840666,sao paulo,SP
"01031",-23.542520789115148,-46.63533516134283,sao paulo,SP
"01046",-23.54639669248079,-46.643059340556235,sao paulo,SP
"01036",-23.542828083530566,-46.63939930668248,sao paulo,SP
"01028",-23.536027749379617,-46.632878533585306,sao paulo,SP
"01027",-23.538560793236705,-46.62998839148246,sao paulo,SP
"01028",-23.536424723844398,-46.63138992423106,são paulo,SP
"01014",-23.54533828642738,-46.63358224756194,sao paulo,SP
"01046",-23.54711381127012,-46.64569331848347,sao paulo,SP
"01018",-23.550218647763327,-46.631879999999995,sao paulo,SP
"01046",-23.546381972243076,-46.642893706619056,sao paulo,SP
"01018",-23.550218647763327,-46.631879999999995,sao paulo,SP
"01034",-23.54214394725612,-46.63745558840666,sao paulo,SP
"01031",-23.537304315614186,-46.633862438491114,sao paulo,SP
"01036",-23.540272502625726,-46.64390844295695,sao paulo,SP
"01020",-23.551247650297142,-46.628331542472104,sao paulo,SP
"01048",-23.546717843181977,-46.639356584107475,sao paulo,SP
"01017",-23.548851827918533,-46.63120714847948,sao paulo,SP
"01027",-23.537744895089144,-46.62934441534424,sao paulo,SP
"01020",-23.552494470713864,-46.631394,sao paulo,SP
"01026",-23.540654472935568,-46.62894329724743,sao paulo,SP
"01037",-23.544342240637054,-46.638345018033405,sao paulo,SP
"01039",-23.5417538351319,-46.63976074078128,sao paulo,SP
"01021",-23.544601267331373,-46.63253954514836,sao paulo,SP
"01050",-23.548801662502175,-46.642373367043746,sao paulo,SP
"01017",-23.548632223151916,-46.63136889537759,sao paulo,SP
"01031",-23.541997726613936,-46.63482435968365,sao paulo,SP
"01048",-23.546167438253743,-46.638926759911215,são paulo,SP
"01032",-23.538046096860775,-46.63465884583635,são paulo,SP
"01045",-23.54275397723474,-46.641482026083494,sao paulo,SP
"01017",-23.54981334999131,-46.63035027254893,sao paulo,SP
"01033",-23.542949999999962,-46.63529999999997,sao paulo,SP
"01002",-23.54831797807146,-46.63542110199666,sao paulo,SP
"01023",-23.539021407438398,-46.63072986511052,sao paulo,SP
"01045",-23.542303065497162,-46.64280268887412,sao paulo,SP
"01026",-23.53984025062037,-46.6302639919499,sao paulo,SP
"01050",-23.54896235221301,-46.64394260407413,sao paulo,SP
"01017",-23.55001091199737,-46.63116636914989,sao paulo,SP
"01015",-23.54956898779498,-46.62908488080666,são paulo,SP
"01040",-23.543111356853643,-46.64104437508053,são paulo,SP
"01042",-23.545322455998683,-46.639722845951944,são paulo,SP
"01002",-23.548878451007027,-46.634003628224384,sao paulo,SP
"01032",-23.54180873604943,-46.63504906396794,sao paulo,SP
"01050",-23.549433308067456,-46.64461567513988,sao paulo,SP
"01030",-23.538399296150907,-46.632887607680814,sao paulo,SP
"01037",-23.543137194010004,-46.637608610595,são paulo,SP
"01003",-23.5489584902063,-46.63486176165939,sao paulo,SP
"01034",-23.543308492339513,-46.63846917609737,sao paulo,SP
"01033",-23.536859249235395,-46.635793333342896,sao paulo,SP
"01014",-23.54636265277865,-46.633676400917516,sao paulo,SP
"01004",-23.550765432973616,-46.635323406601664,sao paulo,SP
"01033",-23.540159399936574,-46.63548454731953,são paulo,SP
"01035",-23.540204555658082,-46.644147057043064,sao paulo,SP
"01014",-23.54681642028706,-46.63344674886627,são paulo,SP
"01049",-23.547792310577627,-46.6405883119626,sao paulo,SP
"01041",-23.54349553981771,-46.640523678313876,sao paulo,SP
"01005",-23.54947149598929,-46.637403877748234,sao paulo,SP
"01036",-23.542828083530566,-46.63939930668248,sao paulo,SP
"01002",-23.548551065785627,-46.63507239078997,sao paulo,SP
"01027",-23.537863257833738,-46.632533050233725,sao paulo,SP
"01017",-23.54968991921072,-46.63051281086609,sao paulo,SP
"01046",-23.545165891770928,-46.643785796266464,sao paulo,SP
"01050",-23.549844542039416,-46.645819758122194,sao paulo,SP
"01046",-23.546817419095163,-46.64537999999999,sao paulo,SP
"01050",-23.548755593946588,-46.642789203733535,sao paulo,SP
"01012",-23.546912290870775,-46.63494058618495,são paulo,SP
"01048",-23.547634911449112,-46.641159240637045,sao paulo,SP
"01045",-23.542925000621707,-46.643423947383695,sao paulo,SP
"01034",-23.54214394725612,-46.63745558840666,sao paulo,SP
"01036",-23.541700023861782,-46.64131782056096,sao paulo,SP
"01027",-23.538015199549932,-46.631947411045076,sao paulo,SP
"01046",-23.546381972243076,-46.642893706619056,são paulo,SP
"01032",-23.5398418758395,-46.63514797691531,sao paulo,SP
"01045",-23.542303065497162,-46.64280268887412,sao paulo,SP
"01042",-23.54504537246811,-46.640187927145234,sao paulo,SP
"01009",-23.54693540437998,-46.63658792659698,sao paulo,SP
"01031",-23.542520789115148,-46.63533516134283,sao paulo,SP
"01046",-23.546081127035535,-46.64482029837157,sao paulo,SP
"01009",-23.546340513734233,-46.636238503202634,sao paulo,SP
"01026",-23.53984025062037,-46.6302639919499,sao paulo,SP
"01021",-23.544870139332875,-46.632376895377604,sao paulo,SP
"01026",-23.539439503750902,-46.63306386663973,são paulo,SP
"01007",-23.550545524842725,-46.63694164071784,sao paulo,SP
"01046",-23.545165891770928,-46.643785796266464,sao paulo,SP
"01023",-23.542318875382307,-46.63085321481338,sao paulo,SP
"01036",-23.543825637515205,-46.637489965577984,sao paulo,SP
"01048",-23.546871901465792,-46.63943652582367,sao paulo,SP
"01046",-23.546081127035535,-46.64482029837157,são paulo,SP
"01050",-23.5506287463212,-46.64334972398863,sao paulo,SP
"01041",-23.544638172081456,-46.639200813491804,são paulo,SP
"01027",-23.538015199549932,-46.631947411045076,sao paulo,SP
"01032",-23.5398418758395,-46.63514797691531,sao paulo,SP
"01001",-23.550497706907514,-46.63433817805407,sao paulo,SP
"01023",-23.544086196779958,-46.63215953372953,sao paulo,SP
"01032",-23.540742303912527,-46.635570638640374,sao paulo,SP
"01034",-23.542995562878023,-46.63757566934563,sao paulo,SP
"01035",-23.5439473297362,-46.63739650167344,sao paulo,SP
"01023",-23.54357074493623,-46.6320114590571,são paulo,SP
"01036",-23.53975390802412,-46.64480666210705,sao paulo,SP
"01046",-23.547190641410353,-46.64292284776962,sao paulo,SP
"01023",-23.54133390452421,-46.63082990175424,sao paulo,SP
"01027",-23.53785276963473,-46.6304668842691,sao paulo,SP
"01037",-23.543137194010004,-46.637608610595,sao paulo,SP
"01007",-23.550096635581966,-46.637934794477474,são paulo,SP
"01007",-23.55092535858965,-46.63591116180967,sao paulo,SP
"01026",-23.53984025062037,-46.6302639919499,sao paulo,SP
"01032",-23.5398418758395,-46.63514797691531,são paulo,SP
"01006",-23.55052430835593,-46.63669363835193,sao paulo,SP
"01014",-23.544631844566954,-46.63393720301238,são paulo,SP
"01041",-23.544184893415704,-46.63966516818631,sao paulo,SP
"01035",-23.5439473297362,-46.63739650167344,sao paulo,SP
"01026",-23.539439503750902,-46.63306386663973,sao paulo,SP
"01025",-23.540485750078606,-46.631982283161,são paulo,SP
"01047",-23.546774768769353,-46.64251431141433,sao paulo,SP
"01046",-23.546081127035535,-46.64482029837157,sao paulo,SP
"01046",-23.546081127035535,-46.64482029837157,são paulo,SP
"01030",-23.540921999999995,-46.63279105438866,sao paulo,SP
"01050",-23.548801662502175,-46.642373367043746,sao paulo,SP
"01026",-23.540654472935568,-46.62894329724743,sao paulo,SP
"01035",-23.54317293656554,-46.638889149783296,sao paulo,SP
"01003",-23.549083261659398,-46.63486400979368,sao paulo,SP
"01050",-23.54985418067981,-46.643139396906825,sao paulo,SP
"01033",-23.536859249235395,-46.635793333342896,sao paulo,SP
"01008",-23.5480135387212,-46.637097428385985,são paulo,SP
"01003",-23.548900652778652,-46.63715701234924,sao paulo,SP
"01004",-23.549496915344246,-46.63446769386576,sao paulo,SP
"01049",-23.547837310577627,-46.64099781196259,sao paulo,SP
"01046",-23.545368575913177,-46.64318283002467,sao paulo,SP
"01047",-23.54731074271453,-46.64142302885344,sao paulo,SP
"01018",-23.550218647763327,-46.631879999999995,sao paulo,SP
"01045",-23.542274609210022,-46.642093554532906,sao paulo,SP
"01047",-23.54731074271453,-46.64142302885344,sao paulo,SP
"01017",-23.548851827918533,-46.63120714847948,sao paulo,SP
"01020",-23.55223547100232,-46.6284406588955,são paulo,SP
"01046",-23.546081127035535,-46.64482029837157,sao paulo,SP
"01014",-23.54533828642738,-46.63358224756194,sao paulo,SP
"01010",-23.547806958346342,-46.63612181853806,são paulo,SP
"01050",-23.548604522332578,-46.641361326677796,sao paulo,SP
"01042",-23.545394591176624,-46.63971870122335,são paulo,SP
"01001",-23.551336655288804,-46.63402699777831,sao paulo,SP
"01038",-23.543672416325194,-46.63971305453289,sao paulo,SP
"01009",-23.54693540437998,-46.63658792659698,sao paulo,SP
"01004",-23.549534948092827,-46.63430666833054,sao paulo,SP
"01046",-23.54639669248079,-46.643059340556235,sao paulo,SP
"01019",-23.552151883432384,-46.63080224715792,são paulo,SP
"01008",-23.544924107421014,-46.6352808852214,sao paulo,SP
"01044",-23.544572343874464,-46.64233174034858,sao paulo,SP
"01036",-23.540176426812717,-46.64415913591924,sao paulo,SP
"01002",-23.548878451007027,-46.634003628224384,sao paulo,SP
"01046",-23.54535489177092,-46.644014321801684,sao paulo,SP
"01009",-23.546340513734233,-46.636238503202634,sao paulo,SP
"01009",-23.546340513734233,-46.636238503202634,sao paulo,SP
"01050",-23.549009406053422,-46.642812281839745,sao paulo,SP
"01017",-23.5492954052167,-46.63207469510652,sao paulo,SP
"01008",-23.54469506356392,-46.63508137079466,sao paulo,SP
"01041",-23.544638172081456,-46.639200813491804,são paulo,SP
"01036",-23.542828083530566,-46.63939930668248,sao paulo,SP
"01013",-23.547686322234377,-46.6341397692307,sao paulo,SP
"01033",-23.54077242862274,-46.63658627751788,sao paulo,SP
"01045",-23.542487362746506,-46.64293486717402,sao paulo,SP
"01046",-23.546817419095163,-46.64537999999999,sao paulo,SP
"01017",-23.5492954052167,-46.63207469510652,sao paulo,SP
"01036",-23.54045127670386,-46.64357021994927,sao paulo,SP
"01039",-23.5417538351319,-46.63976074078128,sao paulo,SP
"01049",-23.54877762753189,-46.640497055225396,sao paulo,SP
"01043",-23.544734636418685,-46.64252349042071,sao paulo,SP
"01050",-23.548801662502175,-46.642373367043746,sao paulo,SP
"01042",-23.545051649171974,-46.64007245239201,sao paulo,SP
"01019",-23.5522679089676,-46.630692214409336,sao paulo,SP
"01037",-23.546462574239737,-46.64014529975757,sao paulo,SP
"01049",-23.547792310577627,-46.6405883119626,são paulo,SP
"01046",-23.546081127035535,-46.64482029837157,sao paulo,SP
"01001",-23.5498252739339,-46.63396956010149,sao paulo,SP
"01035",-23.5439473297362,-46.63739650167344,sao paulo,SP
"01003",-23.548939576172973,-46.63678795989381,sao paulo,SP
"01014",-23.546460394396654,-46.63409123397196,sao paulo,SP
"01019",-23.551387491805688,-46.631432373708854,sao paulo,SP
"01015",-23.54956898779498,-46.62908488080666,sao paulo,SP
"01046",-23.546081127035535,-46.64482029837157,sao paulo,SP
"01050",-23.548487627243432,-46.640686594090816,sao paulo,SP
"01026",-23.539439503750902,-46.63306386663973,são paulo,SP
"01033",-23.540159399936574,-46.63548454731953,sao paulo,SP
"01032",-23.5398418758395,-46.63514797691531,sao paulo,SP
"01027",-23.538015199549932,-46.631947411045076,sao paulo,SP
"01049",-23.54530659310986,-46.636994571065735,sao paulo,SP
"01001",-23.5498252739339,-46.63396956010149,sao paulo,SP
"01048",-23.54651984318198,-46.6392350841075,sao paulo,SP
"01048",-23.547634911449112,-46.641159240637045,sao paulo,SP
"01032",-23.54162040605342,-46.63581283291019,sao paulo,SP
"01035",-23.540204555658082,-46.644147057043064,sao paulo,SP
"01042",-23.545394591176624,-46.63971870122335,sao paulo,SP
"01050",-23.54960349096896,-46.64500836456226,sao paulo,SP
"01011",-23.546690486964888,-46.635446958807194,sao paulo,SP
"01033",-23.53805926617227,-46.63596154951257,sao paulo,SP
"01003",-23.54904445268046,-46.63518261226844,sao paulo,SP
"01037",-23.544926340816048,-46.63828813168683,sao paulo,SP
"01017",-23.548851827918533,-46.63120714847948,sao paulo,SP
"01016",-23.548495128772636,-46.633490627676125,sao paulo,SP
"01050",-23.54874766250217,-46.64239136704376,são paulo,SP
"01011",-23.547639550320632,-46.63603162315495,sao paulo,SP
"01010",-23.545657005828375,-46.63457024562871,sao paulo,SP
"01021",-23.542808668330554,-46.632379409948555,sao paulo,SP
"01034",-23.54214394725612,-46.63745558840666,sao paulo,SP
"01050",-23.5489498215419,-46.64192751526344,sao paulo,SP
"01041",-23.54320753981771,-46.64090617831388,são paulo,SP
"01048",-23.547448918662464,-46.64016924063704,sao paulo,SP
"01026",-23.53984025062037,-46.6302639919499,sao paulo,SP
"01032",-23.54159273604942,-46.63525058950317,sao paulo,SP
"01009",-23.54693540437998,-46.63658792659698,sao paulo,SP
"01010",-23.545361513938836,-46.6346895341229,sao paulo,SP
"01007",-23.547654602971303,-46.6370363970287,sao paulo,SP
"01014",-23.54533828642738,-46.63358224756194,sao paulo,SP
"01013",-23.547307871775626,-46.634251279358246,sao paulo,SP
"01014",-23.546940580846673,-46.633311921420805,sao paulo,SP
"01046",-23.545368575913177,-46.64318283002467,sao paulo,SP
"01042",-23.545322455998683,-46.639722845951944,são paulo,SP
"01022",-23.54452462975358,-46.631461751457095,sao paulo,SP
"01020",-23.552533361648077,-46.62960898251487,sao paulo,SP
"01001",-23.54929199999999,-46.633559478233785,sao paulo,SP
"01011",-23.546690486964888,-46.635446958807194,são paulo,SP
"01046",-23.54639669248079,-46.643059340556235,sao paulo,SP
"01034",-23.541956005539916,-46.63716661394188,sao paulo,SP
"01006",-23.5495063030758,-46.63622549584506,sao paulo,SP
"01014",-23.545948945322863,-46.63350149901904,sao paulo,SP
"01050",-23.548722622251763,-46.64376241424774,sao paulo,SP
"01007",-23.550776601448405,-46.63639141479597,sao paulo,SP
"01020",-23.552549496537548,-46.63163152553523,sao paulo,SP
"01019",-23.55188848459232,-46.63008934096028,sao paulo,SP
"01020",-23.552495528997667,-46.632059999999996,sao paulo,SP
"01039",-23.539819023861785,-46.63696720497428,são paulo,SP
"01050",-23.5489498215419,-46.64192751526344,sao paulo,SP
"01022",-23.54448617790984,-46.6329062463212,sao paulo,SP
"01044",-23.546454307519205,-46.640845320560956,sao paulo,SP
"01001",-23.550497706907514,-46.63433817805407,sao paulo,SP
"01012",-23.54711929087078,-46.63488111172018,sao paulo,SP
"01046",-23.54612896641469,-46.64295148361138,sao paulo,SP
"01050",-23.54891736303305,-46.642520665704815,sao paulo,SP
"01026",-23.54131233975484,-46.62849025456588,sao paulo,SP
"01020",-23.552533361648077,-46.62960898251487,sao paulo,SP
"01004",-23.54918138051819,-46.63482185844542,sao paulo,SP
"01017",-23.54968991921072,-46.63051281086609,sao paulo,SP
"01040",-23.54160305551385,-46.639215518870124,sao paulo,SP
"01009",-23.549074826533555,-46.63756198557327,são paulo,SP
"01050",-23.549009406053422,-46.642812281839745,sao paulo,SP
"01046",-23.546081127035535,-46.64482029837157,sao paulo,SP
"01014",-23.545625699694156,-46.63354191520002,são paulo,SP
"01033",-23.53784452510254,-46.634192025535214,sao paulo,SP
"01047",-23.546888214265113,-46.64145011267249,sao paulo,SP
"01011",-23.547639550320632,-46.63603162315495,sao paulo,SP
"01034",-23.542195107132557,-46.63650368497896,sao paulo,SP
"01009",-23.54693540437998,-46.63658792659698,sao paulo,SP
"01039",-23.54020961780837,-46.6375457035893,sao paulo,SP
"01014",-23.546496164031378,-46.63345994991051,sao paulo,SP
"01046",-23.546081127035535,-46.64482029837157,sao paulo,SP
"01005",-23.548779492642403,-46.63830268942238,sao paulo,SP
"01043",-23.546844062727214,-46.640628455594644,são paulo,SP
"01011",-23.547639550320632,-46.63603162315495,sao paulo,SP
"01028",-23.53511468388245,-46.63664864293957,sao paulo,SP
"01005",-23.54968972289983,-46.63671905572496,sao paulo,SP
"01046",-23.545106152086156,-46.64381018541167,são paulo,SP
"01039",-23.5406861987132,-46.638296449218,sao paulo,SP
"01031",-23.544189999999958,-46.636289999999974,sao paulo,SP
"01032",-23.542460235356934,-46.63618792951116,sao paulo,SP
"01045",-23.541794423538555,-46.64277789439665,sao paulo,SP
"01044",-23.547276880373964,-46.6399237790698,sao paulo,SP
"01033",-23.540703589791633,-46.63794453344108,são paulo,SP
"01009",-23.546340513734233,-46.636238503202634,sao paulo,SP
"01050",-23.54985418067981,-46.643139396906825,sao paulo,SP
"01047",-23.54573684263371,-46.640483743407,sao paulo,SP
"01050",-23.54891736303305,-46.642520665704815,sao paulo,SP
"01026",-23.53925652899767,-46.633440525535235,sao paulo,SP
"01029",-23.539608953372944,-46.632910934502824,sao paulo,SP
"01039",-23.541971951699512,-46.64003196670314,sao paulo,SP
"01007",-23.548166155735117,-46.63823833081751,são paulo,SP
"01032",-23.540505663338884,-46.63541486857297,sao paulo,SP
"01005",-23.548758390789974,-46.6384109454671,sao paulo,SP
"01031",-23.542520789115148,-46.63533516134283,sao paulo,SP
"01037",-23.546093374689814,-46.639759185815684,sao paulo,SP
"01038",-23.544139809596672,-46.64041077352986,sao paulo,SP
"01004",-23.549534948092827,-46.63430666833054,sao paulo,SP
"01047",-23.545678222863444,-46.64050974216626,sao paulo,SP
"01027",-23.53821280045007,-46.631370614490145,sao paulo,SP
"01014",-23.547082268784923,-46.63340844117833,sao paulo,SP
"01006",-23.550317224536894,-46.63660363835193,são paulo,SP
"01007",-23.55033958312654,-46.63744114071786,sao paulo,SP
"01020",-23.552482452132203,-46.62938955675458,sao paulo,SP
"01014",-23.54631891978764,-46.63343055730286,são paulo,SP
"01030",-23.537239491257424,-46.63298206549715,sao paulo,SP
"01005",-23.549980033585307,-46.63476783166945,sao paulo,SP
"01010",-23.545361513938836,-46.6346895341229,sao paulo,SP
"01033",-23.53784452510254,-46.634192025535214,sao paulo,SP
"01046",-23.545368575913177,-46.64318283002467,sao paulo,SP
"01046",-23.54535489177092,-46.644014321801684,sao paulo,SP
"01033",-23.540159399936574,-46.63548454731953,sao paulo,SP
"01040",-23.540876706359263,-46.638218310433395,sao paulo,SP
"01031",-23.538803228143564,-46.63400117583238,sao paulo,SP
"01038",-23.544340113797652,-46.640552186508195,sao paulo,SP
"01050",-23.54985418067981,-46.643139396906825,sao paulo,SP
"01027",-23.537771130446078,-46.629418551907165,sao paulo,SP
"01004",-23.54963705912052,-46.634056831669454,sao paulo,SP
"01042",-23.54504537246811,-46.640187927145234,sao paulo,SP
"01027",-23.538876611431725,-46.62859298320734,são paulo,SP
"01046",-23.545106152086156,-46.64381018541167,sao paulo,SP
"01050",-23.54985418067981,-46.643139396906825,são paulo,SP
"01037",-23.545187340816042,-46.63785524104107,sao paulo,SP
"01027",-23.53802389508915,-46.62946591534425,são paulo,SP
"01001",-23.550497706907514,-46.63433817805407,sao paulo,SP
"01012",-23.547742270615682,-46.63519853788446,sao paulo,SP
"01033",-23.540796722482114,-46.63647342862273,sao paulo,SP
"01048",-23.547170116019362,-46.639570390501504,sao paulo,SP
"01050",-23.548722622251763,-46.64376241424774,sao paulo,SP
"01020",-23.552494470713864,-46.631394,sao paulo,SP
"01007",-23.550096635581966,-46.637934794477474,sao paulo,SP
"01020",-23.552482452132203,-46.62938955675458,sao paulo,SP
"01050",-23.54985418067981,-46.643139396906825,sao paulo,SP
"01035",-23.54189541355524,-46.6410738923192,sao paulo,SP
"01050",-23.5489498215419,-46.64192751526344,sao paulo,SP
"01046",-23.545368575913177,-46.64318283002467,sao paulo,SP
"01002",-23.548551065785627,-46.63507239078997,sao paulo,SP
"01004",-23.550202089647414,-46.63522084915459,sao paulo,SP
"01022",-23.544318781579953,-46.63085444477461,sao paulo,SP
"01020",-23.552494470713864,-46.631394,sao paulo,SP
"01044",-23.544986375238064,-46.6419389830631,sao paulo,SP
"01021",-23.544575853453754,-46.63244359019568,sao paulo,SP
"01037",-23.54519873979251,-46.63791575103784,sao paulo,SP
"01001",-23.54929199999999,-46.633559478233785,sao paulo,SP
"01031",-23.542520789115148,-46.63533516134283,sao paulo,SP
"01009",-23.549074826533555,-46.63756198557327,são paulo,SP
"01035",-23.541740936176268,-46.641356197760906,sao paulo,SP
"01033",-23.54032130474925,-46.636394815973325,sao paulo,SP
"01036",-23.54045127670386,-46.64357021994927,sao paulo,SP
"01028",-23.536027749379617,-46.632878533585306,sao paulo,SP
"01046",-23.546817419095163,-46.64537999999999,sao paulo,SP
"01035",-23.540204555658082,-46.644147057043064,são paulo,SP
"01043",-23.546844062727214,-46.640628455594644,são paulo,SP
"01018",-23.55158623535693,-46.633619487794974,sao paulo,SP
"01026",-23.53925652899767,-46.633440525535235,sao paulo,SP
"01041",-23.543712849558617,-46.6402632336835,sao paulo,SP
"01037",-23.546704599774962,-46.64033633250615,sao paulo,SP
"01048",-23.54718811601936,-46.639588390501515,sao paulo,SP
"01042",-23.54472059810152,-46.640515568959614,são paulo,SP
"01026",-23.539257503462455,-46.63329249708582,sao paulo,SP
"01010",-23.545361513938836,-46.6346895341229,sao paulo,SP
"01047",-23.546273112412678,-46.64122516971552,sao paulo,SP
"01021",-23.541247875382297,-46.632080200386646,são paulo,SP
"01050",-23.54848057617298,-46.640525065641405,sao paulo,SP
"01050",-23.548470601708207,-46.64047556564139,sao paulo,SP
"01050",-23.549009406053422,-46.642812281839745,são paulo,SP
"01025",-23.54057517958329,-46.63193609033991,são paulo,SP
"01010",-23.547806958346342,-46.63612181853806,sao paulo,SP
"01020",-23.552495528997667,-46.632059999999996,sao paulo,SP
"01020",-23.552549496537548,-46.63163152553523,sao paulo,SP
"01017",-23.54981334999131,-46.63035027254893,sao paulo,SP
"01030",-23.5434177665763,-46.63289994448614,sao paulo,SP
"01032",-23.540742303912527,-46.635570638640374,sao paulo,SP
"01027",-23.537625024150234,-46.63031301067581,são paulo,SP
"01007",-23.550816467943903,-46.636181161809674,sao paulo,SP
"01010",-23.545361513938836,-46.6346895341229,sao paulo,SP
"01046",-23.545106152086156,-46.64381018541167,sao paulo,SP
"01015",-23.544826346129778,-46.63086956396899,sao paulo,SP
"01046",-23.545047855675463,-46.64317276879801,sao paulo,SP
"01045",-23.541593762969626,-46.64189378810082,sao paulo,SP
"01012",-23.547742270615682,-46.63519853788446,sao paulo,SP
"01041",-23.544084835131898,-46.63978569372155,são paulo,SP
"01020",-23.551854317790983,-46.62920011656761,sao paulo,SP
"01032",-23.541191476542252,-46.63499346058632,sao paulo,SP
"01045",-23.541593762969626,-46.64189378810082,sao paulo,SP
"01003",-23.54897652899767,-46.635740497085806,sao paulo,SP
"01047",-23.546273112412678,-46.64122516971552,sao paulo,SP
"01019",-23.551489508194305,-46.63140317736157,sao paulo,SP
"01005",-23.548933414651763,-46.63811234831787,sao paulo,SP
"01037",-23.546462574239737,-46.64014529975757,sao paulo,SP
"01033",-23.540796722482114,-46.63647342862273,sao paulo,SP
"01004",-23.549506973628052,-46.634428168330544,são paulo,SP
"01046",-23.545165891770928,-46.643785796266464,sao paulo,SP
"01020",-23.55254746378896,-46.63015102553521,sao paulo,SP
"01022",-23.544497629753593,-46.631461751457095,sao paulo,SP
"01050",-23.54867968581569,-46.640508851520515,sao paulo,SP
"01047",-23.54660531805078,-46.641982174447385,sao paulo,SP
"01048",-23.547475918662467,-46.6403178244561,sao paulo,SP
"01020",-23.552495528997667,-46.632059999999996,sao paulo,SP
"01039",-23.541883009983316,-46.63991946670314,sao paulo,SP
"01042",-23.545394591176624,-46.63971870122335,sao paulo,SP
"01001",-23.550497706907514,-46.63433817805407,sao paulo,SP
"01035",-23.54317293656554,-46.638889149783296,sao paulo,SP
"01027",-23.538361243407014,-46.63052410130416,sao paulo,SP
"01022",-23.54452462975358,-46.631461751457095,sao paulo,SP
"01031",-23.541997726613936,-46.63482435968365,sao paulo,SP
"01014",-23.54636265277865,-46.633676400917516,sao paulo,SP
"01046",-23.54639669248079,-46.643059340556235,sao paulo,SP
"01034",-23.542813739656097,-46.6376968874431,sao paulo,SP
"01026",-23.539425401610018,-46.63342428573489,sao paulo,SP
"01038",-23.542480704543046,-46.638098877274174,sao paulo,SP
"01030",-23.538399296150907,-46.632887607680814,sao paulo,SP
"01044",-23.545751050233726,-46.64132693574358,sao paulo,SP
"01048",-23.547448918662464,-46.64016924063704,sao paulo,SP
"01007",-23.550096635581966,-46.637934794477474,sao paulo,SP
"01017",-23.549178405216697,-46.63211519510653,sao paulo,SP
"01021",-23.544412878988982,-46.63251708298231,sao paulo,SP
"01034",-23.542106542327883,-46.63658202790115,são paulo,SP
"01020",-23.552549496537548,-46.63163152553523,sao paulo,SP
"01038",-23.543672416325194,-46.63971305453289,sao paulo,SP
"01046",-23.54574166250217,-46.64304484150853,são paulo,SP
"01039",-23.54216079751304,-46.64021586973161,sao paulo,SP
"01027",-23.53759400138498,-46.63035901485941,sao paulo,SP
"01020",-23.552533361648077,-46.62960898251487,sao paulo,SP
"01048",-23.547448918662464,-46.64016924063704,sao paulo,SP
"01046",-23.546081127035535,-46.64482029837157,sao paulo,SP
"01010",-23.547806958346342,-46.63612181853806,sao paulo,SP
"01009",-23.546340513734233,-46.636238503202634,sao paulo,SP
"01039",-23.54204500998332,-46.64010846670315,sao paulo,SP
"01011",-23.546690486964888,-46.635446958807194,sao paulo,SP
"01015",-23.54775069525075,-46.63354572759532,sao paulo,SP
"01017",-23.550119905242212,-46.63173986271941,são paulo,SP
"01046",-23.54639669248079,-46.643059340556235,sao paulo,SP
"01032",-23.542460235356934,-46.63618792951116,sao paulo,SP